#{"t_start": 1766243797.653455, "env_id": "SpaceInvadersNoFrameskip-v4"}
r,l,t
160.0,2133,5.330618
110.0,2223,7.060579
150.0,1529,8.307801
180.0,2315,10.09547
660.0,3981,13.033729
30.0,1133,13.895597
105.0,1693,15.181574
75.0,1595,16.353639
105.0,1951,17.945801
380.0,2421,19.820281
135.0,1619,21.483163
80.0,1945,24.043917
155.0,2229,26.264399
110.0,2149,28.514813
30.0,1069,29.673547
195.0,2785,32.822753
125.0,2489,35.362835
160.0,2297,37.798881
65.0,1501,39.341373
120.0,2107,42.104948
55.0,1191,43.290417
240.0,2695,45.639191
125.0,1565,47.381929
255.0,2867,50.001113
75.0,1789,51.33325
110.0,2041,53.012547
50.0,1387,54.013401
80.0,1399,55.017837
215.0,3541,57.580094
215.0,1905,59.016508
80.0,1153,59.926968
75.0,1109,60.898975
210.0,2331,63.132771
80.0,1177,64.135795
145.0,2087,66.001376
95.0,1521,67.379229
45.0,1131,68.466367
135.0,2151,70.449591
35.0,1605,71.682792
190.0,2941,73.796793
125.0,1573,75.072202
30.0,1179,75.832536
185.0,2371,78.531329
105.0,1551,79.618846
310.0,1997,80.88096
425.0,2959,82.689083
100.0,1179,83.523995
330.0,3109,85.797843
180.0,2227,87.587457
135.0,2039,89.178811
210.0,2039,90.553292
110.0,2031,103.900764
210.0,3823,107.551709
345.0,2549,109.404508
215.0,2447,111.484063
165.0,2631,114.830055
110.0,1993,116.542923
215.0,3951,119.849138
35.0,1447,120.884749
345.0,3367,123.393831
160.0,2643,125.292888
105.0,1965,127.339009
110.0,2017,129.218207
210.0,1999,130.946711
120.0,1593,132.115905
225.0,2549,133.971736
180.0,2317,135.636889
410.0,3347,138.051362
290.0,3057,140.810005
125.0,1527,142.51875
45.0,1123,143.713207
80.0,1529,145.587492
45.0,1169,147.075974
210.0,4133,152.055798
20.0,1447,153.472993
85.0,1105,154.262593
355.0,2539,156.305176
245.0,4493,159.212851
105.0,1981,160.380989
45.0,1699,161.422718
35.0,1189,162.1378
60.0,1191,162.838178
90.0,1621,163.839276
210.0,2447,165.309428
285.0,1845,166.3877
25.0,1599,167.330797
65.0,1325,168.11518
200.0,2349,169.516757
185.0,2391,170.923141
135.0,2321,172.310666
5.0,1881,173.435957
150.0,2931,175.163064
60.0,1501,176.053993
105.0,1867,177.169909
110.0,2003,178.361102
120.0,2107,179.601707
110.0,1927,180.727832
75.0,1927,181.880123
135.0,2129,195.541037
120.0,2219,196.861503
155.0,2427,198.310376
135.0,2091,199.566387
75.0,1129,200.432602
160.0,2331,202.109484
60.0,1547,203.560053
210.0,2483,205.959867
125.0,1855,207.541049
165.0,1955,209.392828
75.0,2021,211.533291
60.0,1155,212.499821
135.0,1859,213.957327
120.0,1649,215.458614
110.0,2173,218.249926
180.0,2203,221.134254
105.0,2097,223.457248
120.0,1739,224.870245
75.0,1603,226.036644
105.0,1811,227.401636
125.0,2003,228.980588
135.0,1783,230.529038
60.0,2271,232.247881
180.0,1877,233.70298
80.0,2051,235.633739
125.0,2025,237.311806
155.0,1493,238.441945
445.0,4693,241.876619
530.0,3387,245.757133
50.0,1011,246.916241
105.0,2167,248.993135
150.0,1617,251.02738
155.0,1641,252.295496
60.0,1621,254.070741
195.0,2307,256.684386
105.0,1881,258.13549
50.0,1555,259.220188
20.0,1305,260.181515
125.0,2591,261.92428
35.0,1151,262.793734
65.0,2137,264.825871
190.0,2033,266.805137
210.0,2101,269.246362
75.0,1891,271.312561
120.0,1957,273.589885
245.0,3149,276.55559
130.0,1919,279.055883
180.0,1903,281.290734
105.0,1995,283.921165
45.0,1147,285.173293
75.0,1469,286.736778
45.0,1311,288.278547
45.0,1711,308.332867
105.0,1469,309.430201
170.0,2667,311.291871
105.0,1695,313.260826
80.0,1189,314.612854
315.0,3661,318.326436
125.0,2419,319.964574
105.0,1927,321.194035
125.0,1613,322.195083
170.0,2449,324.778193
245.0,3065,328.074134
20.0,1329,329.3264
80.0,1515,330.406869
120.0,1621,332.027555
150.0,2183,334.20978
120.0,1917,335.902544
135.0,1813,337.311577
210.0,2075,339.47134
155.0,2055,341.887896
260.0,2801,344.894551
185.0,1947,347.256534
50.0,1757,349.316442
30.0,1879,351.162778
50.0,1221,352.631848
120.0,1973,354.844758
90.0,1641,356.888916
80.0,1241,358.345971
80.0,1341,360.033299
190.0,2913,363.842245
5.0,1329,365.574736
435.0,2793,368.210861
75.0,1253,369.216519
80.0,1631,370.720546
85.0,1897,372.081967
110.0,2075,373.857327
5.0,1619,375.215394
125.0,1811,377.084343
80.0,1645,378.77655
135.0,1981,380.574718
80.0,1633,382.525261
155.0,1907,384.421007
460.0,3227,387.856773
120.0,2359,390.47381
225.0,3819,394.983423
205.0,4445,399.597935
20.0,1153,400.482519
105.0,1725,401.904545
105.0,1591,403.480822
30.0,1199,404.368394
120.0,1969,406.276448
260.0,2439,408.686765
215.0,3391,441.532228
30.0,2019,446.940338
390.0,2425,452.70346
215.0,3861,460.45722
105.0,1769,463.977059
5.0,1131,466.145295
240.0,4265,474.466703
180.0,4715,488.238463
430.0,4767,505.032542
105.0,1967,509.067664
90.0,2053,513.419478
75.0,2161,520.034636
255.0,3419,532.621927
410.0,3953,541.15129
255.0,2707,546.852061
80.0,2093,551.201028
70.0,1979,555.747974
220.0,2011,560.844312
215.0,3321,569.027239
315.0,3445,576.851253
100.0,2131,582.224498
45.0,1171,584.451692
140.0,1919,588.604017
115.0,2197,594.116546
180.0,2403,599.018356
115.0,1941,603.012164
200.0,2405,610.191056
210.0,2119,615.757598
390.0,2605,623.212361
125.0,2301,628.276978
550.0,4531,640.001045
380.0,4065,650.415406
310.0,3419,658.369175
105.0,2015,662.323713
195.0,1941,666.074178
230.0,3377,674.326763
295.0,2541,680.423362
315.0,2789,704.888132
35.0,1463,709.149704
550.0,3559,718.648206
200.0,2471,724.809248
15.0,1455,729.609267
435.0,3387,738.655366
280.0,3245,746.374023
75.0,1597,750.302553
205.0,2419,755.648991
255.0,2237,760.823209
210.0,3227,767.916061
410.0,3207,775.315392
120.0,1965,779.041929
175.0,2115,783.034289
210.0,2737,789.856727
380.0,4747,801.706165
190.0,2093,806.730688
360.0,3707,815.035441
420.0,2829,822.058152
240.0,2111,828.635087
160.0,1919,834.546713
265.0,2921,844.689425
115.0,2109,851.905451
210.0,2105,858.442233
370.0,3707,873.696532
120.0,2731,881.896483
300.0,2739,889.770478
30.0,1013,892.204725
240.0,2663,901.116976
115.0,2419,909.499359
90.0,1149,913.422444
230.0,2021,919.811775
225.0,1877,925.886756
110.0,1549,929.985068
245.0,2847,937.628149
120.0,2799,944.479528
600.0,3289,952.309373
305.0,3489,959.550668
310.0,3011,965.637308
125.0,1907,970.691772
255.0,2907,998.923827
180.0,2995,1008.011501
190.0,2741,1015.31996
260.0,2525,1021.491973
130.0,1811,1025.117841
130.0,1839,1028.757442
125.0,2101,1034.437044
55.0,2779,1043.156518
105.0,1759,1049.434189
165.0,2387,1058.276766
240.0,2801,1063.934347
145.0,2221,1068.197527
215.0,1873,1071.846423
145.0,1983,1075.601282
395.0,3001,1081.300651
245.0,2435,1085.99202
385.0,3353,1092.468716
165.0,2519,1097.269564
440.0,4363,1105.905123
115.0,2287,1111.97901
150.0,1639,1116.376163
120.0,1991,1120.644164
275.0,2243,1125.260832
130.0,1929,1130.838301
205.0,3281,1138.362654
55.0,1157,1140.585629
105.0,1299,1143.057366
145.0,1709,1146.504363
255.0,3285,1154.031944
110.0,1931,1159.769854
320.0,2883,1168.292812
210.0,2427,1173.22288
135.0,1897,1176.902236
315.0,2993,1183.038696
75.0,1109,1185.234129
100.0,1625,1188.929496
170.0,2087,1194.248698
225.0,2601,1202.811563
105.0,1969,1208.169135
210.0,2121,1214.108034
135.0,2005,1219.501307
275.0,2901,1225.701359
85.0,2051,1231.007934
110.0,1287,1234.600572
555.0,3799,1262.044973
175.0,2081,1266.082539
280.0,2725,1271.541547
220.0,2899,1277.377744
455.0,2835,1283.262768
215.0,3431,1290.014454
280.0,3113,1296.125266
115.0,3043,1303.243849
135.0,1931,1307.526101
235.0,2403,1312.312495
260.0,3245,1320.834974
175.0,1945,1325.386129
275.0,2947,1333.443495
235.0,2491,1339.877225
380.0,3545,1349.355349
120.0,1521,1353.461025
430.0,4150,1365.269692
295.0,2693,1372.428294
620.0,3507,1379.913191
105.0,1605,1383.011952
325.0,3033,1390.105466
420.0,4429,1400.144691
160.0,2407,1404.984262
380.0,2445,1410.223503
110.0,1747,1414.305757
440.0,3623,1422.964892
70.0,2081,1428.483983
230.0,1859,1432.31446
150.0,1929,1436.852967
235.0,2793,1443.107599
160.0,2545,1448.509495
500.0,4807,1458.298194
300.0,2721,1464.757649
130.0,2259,1470.050238
305.0,3345,1476.902311
105.0,2065,1481.254944
305.0,2207,1485.987048
65.0,1445,1489.24221
400.0,3367,1512.596173
275.0,2225,1517.999759
130.0,2023,1523.070045
255.0,2451,1529.508511
80.0,1797,1534.125013
260.0,3229,1540.994687
460.0,4701,1550.94881
200.0,1945,1555.631068
410.0,3247,1565.608276
225.0,2395,1572.075325
595.0,3505,1581.996917
130.0,2089,1587.349108
340.0,2809,1594.157748
280.0,3195,1605.602793
175.0,1943,1611.447715
115.0,1917,1618.046263
115.0,1831,1624.153487
490.0,3455,1635.798124
290.0,2791,1643.288342
190.0,1987,1648.149268
255.0,2895,1654.685453
120.0,1621,1658.255352
185.0,2045,1663.579585
355.0,4077,1671.634052
290.0,2603,1676.55804
120.0,1923,1680.284262
265.0,2591,1686.185745
295.0,2455,1691.819431
245.0,2357,1697.342688
120.0,1587,1701.490189
555.0,4483,1712.42225
395.0,2319,1717.310666
75.0,2101,1721.411136
180.0,1973,1725.220001
175.0,1939,1729.010877
685.0,4531,1737.733487
380.0,3453,1744.720526
120.0,1877,1749.468002
140.0,1931,1754.308607
180.0,1877,1770.644191
440.0,3798,1779.615907
340.0,3019,1785.447744
215.0,2107,1789.478729
390.0,3149,1795.509468
145.0,1827,1800.108072
405.0,3187,1809.928065
690.0,3575,1822.672953
160.0,1917,1829.426118
155.0,2205,1835.567585
165.0,1979,1841.483465
280.0,2547,1848.441689
155.0,2027,1854.734902
365.0,3331,1864.628844
120.0,1515,1868.996698
145.0,1969,1875.73798
205.0,1997,1883.071147
275.0,1923,1888.938878
315.0,3239,1895.942905
275.0,2093,1900.479518
115.0,1497,1903.95134
300.0,3215,1911.302631
130.0,2107,1916.097468
260.0,2501,1923.093565
605.0,3745,1934.531111
395.0,3849,1947.87097
490.0,2533,1957.114941
50.0,1387,1962.108063
345.0,3599,1971.229149
105.0,1573,1974.303117
275.0,2255,1978.626144
700.0,4019,1987.736844
295.0,3132,1995.226231
380.0,3347,2003.596364
295.0,2767,2009.37691
195.0,2989,2017.969385
95.0,2017,2023.03244
155.0,1965,2028.111162
350.0,3605,2037.244498
210.0,2889,2058.447884
250.0,2369,2064.691186
575.0,4781,2078.82123
245.0,2047,2085.620201
250.0,3083,2095.500044
440.0,3627,2109.147975
260.0,2397,2117.567303
200.0,2051,2123.076773
390.0,2885,2129.896442
605.0,4021,2139.540813
75.0,1001,2141.993815
305.0,2823,2150.140606
215.0,1979,2155.142883
325.0,2577,2162.228667
225.0,1761,2167.975191
145.0,2197,2175.634333
150.0,1841,2182.132167
250.0,2799,2191.799634
245.0,2029,2197.753092
150.0,2087,2203.055667
165.0,2005,2207.329018
190.0,1951,2211.692333
260.0,2301,2217.701343
240.0,2729,2224.956737
305.0,2874,2231.842753
115.0,1541,2236.633856
555.0,4305,2249.188339
425.0,2851,2256.538432
200.0,1985,2261.738905
195.0,2063,2267.422551
290.0,2699,2274.125545
245.0,3365,2280.983184
235.0,2299,2285.595699
225.0,2007,2289.498616
210.0,2521,2294.468793
210.0,2151,2299.272513
110.0,1623,2303.198403
110.0,1907,2307.884711
220.0,3061,2314.115099
110.0,1813,2317.647227
190.0,3163,2323.757108
205.0,1639,2340.624248
55.0,1553,2343.689988
115.0,2335,2348.897938
180.0,2045,2353.719997
155.0,2117,2358.547389
275.0,1767,2361.952116
270.0,2211,2366.231369
135.0,1539,2369.174148
325.0,2437,2374.469582
270.0,2153,2379.149666
185.0,2003,2383.990319
590.0,3991,2393.465643
265.0,3277,2400.435085
180.0,2087,2405.369542
85.0,1579,2408.512576
175.0,1999,2412.424483
185.0,1981,2416.328465
100.0,1901,2419.97417
320.0,2529,2426.057249
220.0,1889,2430.567701
350.0,2749,2438.846366
150.0,1581,2444.994959
295.0,2581,2454.026401
420.0,3571,2464.619155
105.0,1517,2468.658419
65.0,1601,2472.700999
105.0,1881,2478.446151
325.0,3151,2488.129148
285.0,2451,2496.512167
140.0,1985,2503.756761
255.0,2943,2513.965728
95.0,1827,2517.672342
160.0,1785,2521.881987
800.0,4119,2530.616847
25.0,1339,2533.687147
285.0,3007,2541.175833
355.0,3831,2550.947977
270.0,2479,2556.977596
185.0,2147,2562.40045
255.0,2848,2568.535478
355.0,3919,2576.939745
170.0,1961,2580.861397
215.0,2081,2584.824319
175.0,2031,2589.234982
190.0,2469,2605.984183
40.0,1561,2609.516864
100.0,1487,2612.720814
215.0,2219,2617.807916
400.0,2877,2624.783721
185.0,2141,2629.355642
445.0,2707,2635.520586
250.0,3053,2641.96807
270.0,4241,2650.140203
215.0,2385,2654.910116
440.0,3501,2663.284625
245.0,2787,2670.657025
155.0,2043,2675.814592
305.0,2825,2683.362386
195.0,1963,2689.863406
400.0,3503,2700.202621
245.0,2501,2706.127884
325.0,3061,2713.49469
130.0,1945,2717.967501
285.0,2775,2723.533174
300.0,2911,2729.420324
85.0,2157,2734.346702
530.0,3363,2741.945308
125.0,1943,2745.879508
240.0,2547,2750.954566
265.0,2637,2756.078366
105.0,1071,2758.229196
160.0,2071,2762.91898
255.0,2473,2768.00655
265.0,2189,2772.277306
125.0,1931,2776.678305
155.0,1931,2781.285422
155.0,2117,2785.614259
125.0,1837,2789.303675
260.0,2413,2794.018854
165.0,1997,2797.898561
250.0,2495,2802.669946
205.0,2607,2807.708349
250.0,2559,2813.02465
440.0,3441,2821.585869
395.0,2825,2828.865509
370.0,3787,2851.583963
125.0,1431,2854.674267
230.0,2549,2861.203823
180.0,2421,2866.42519
220.0,2449,2872.136225
135.0,1947,2877.183939
235.0,2467,2882.285054
500.0,3333,2889.940629
180.0,1507,2893.613374
430.0,2313,2899.005905
180.0,2383,2904.662607
65.0,1145,2907.16188
390.0,2937,2913.712111
185.0,2165,2918.052774
275.0,3241,2925.600954
490.0,2797,2931.010549
285.0,2903,2937.252232
200.0,2151,2941.481259
510.0,3819,2950.081345
330.0,2903,2955.82777
185.0,2097,2959.961096
310.0,2881,2965.54635
295.0,2681,2970.730433
140.0,2131,2975.548844
260.0,2679,2981.913915
300.0,2459,2987.179141
300.0,2437,2991.920048
210.0,2003,2995.80529
320.0,3055,3001.751321
295.0,2323,3006.237543
310.0,3003,3012.663176
375.0,3171,3019.413889
255.0,2631,3025.469519
440.0,3713,3033.684367
160.0,1739,3037.29718
255.0,3063,3043.863181
155.0,1925,3047.978074
220.0,1911,3053.147934
40.0,1005,3055.337667
170.0,1981,3060.435335
275.0,3549,3082.66409
100.0,1389,3085.417894
370.0,1977,3091.419434
540.0,2731,3101.389017
205.0,1637,3110.300666
235.0,1669,3119.304264
330.0,2565,3129.804314
195.0,2521,3139.460641
205.0,1945,3144.757341
410.0,2705,3152.401624
205.0,1863,3157.336051
325.0,3223,3166.65845
330.0,2393,3172.345103
465.0,2679,3179.718021
260.0,2635,3185.993629
135.0,2093,3191.550668
265.0,2781,3199.737581
425.0,4387,3209.770944
170.0,2597,3216.274081
235.0,3265,3225.247425
25.0,1901,3229.798606
245.0,3289,3240.085717
210.0,2365,3248.041605
310.0,2925,3258.077775
445.0,4143,3270.84584
160.0,1433,3275.013838
240.0,2901,3284.573705
210.0,1991,3290.591893
195.0,2185,3296.782346
225.0,2669,3303.534799
385.0,3689,3311.214439
305.0,2331,3316.757566
430.0,3159,3323.070261
270.0,2379,3327.71293
585.0,2549,3332.666329
330.0,3025,3338.500273
215.0,1613,3341.582182
445.0,2809,3348.163477
795.0,3705,3356.435132
360.0,2771,3363.017247
180.0,1485,3380.228507
280.0,3151,3387.125202
395.0,3637,3394.188854
140.0,1953,3397.931305
255.0,2135,3402.026761
120.0,1421,3404.730009
275.0,3127,3411.617182
370.0,2453,3416.919183
360.0,3081,3422.920778
210.0,2279,3428.194213
165.0,1685,3433.319391
160.0,1937,3438.192315
145.0,1701,3442.260168
250.0,2201,3447.991222
45.0,1311,3451.27691
180.0,1645,3454.782973
295.0,2363,3459.768259
170.0,1849,3464.06317
240.0,3425,3472.071813
360.0,3173,3478.161263
255.0,3187,3484.265457
200.0,3259,3492.899758
350.0,2451,3498.136453
205.0,1991,3503.000783
420.0,3013,3509.079025
110.0,1833,3512.605824
315.0,4111,3521.478547
345.0,2835,3527.57728
150.0,2093,3532.23298
440.0,2505,3538.354262
210.0,2171,3543.507539
130.0,1437,3547.090672
150.0,1137,3549.738587
170.0,1649,3553.43714
460.0,2157,3558.195736
95.0,1581,3561.507022
170.0,1489,3564.800012
195.0,2041,3568.842377
160.0,2101,3573.967637
180.0,1707,3577.695451
115.0,1663,3580.92514
235.0,1475,3584.33286
300.0,2605,3590.274066
185.0,1491,3593.976087
360.0,2895,3600.31304
420.0,2955,3624.261242
410.0,3051,3630.219006
290.0,2279,3634.67276
285.0,2389,3639.199703
265.0,2865,3645.740985
225.0,1927,3650.204106
260.0,2031,3654.441377
225.0,1421,3657.869113
535.0,3397,3665.618478
130.0,1601,3669.093155
715.0,4585,3679.736491
175.0,2231,3684.61417
485.0,2425,3689.758817
130.0,1129,3692.721425
310.0,2509,3700.098224
265.0,2239,3706.334942
290.0,2613,3713.72644
235.0,2205,3721.637323
265.0,2357,3729.510833
565.0,3629,3741.995603
320.0,2367,3748.334171
215.0,1617,3752.342146
420.0,2829,3758.392185
260.0,2253,3762.802076
285.0,2327,3767.404348
510.0,3217,3773.84033
350.0,3479,3780.635586
325.0,2845,3787.162446
260.0,2411,3795.269089
535.0,2711,3803.287709
380.0,2963,3813.87408
175.0,2905,3824.585816
240.0,2075,3830.465445
195.0,2245,3837.413455
495.0,3493,3848.953994
275.0,2457,3857.388628
265.0,2841,3866.931515
335.0,3123,3875.881846
485.0,3895,3885.000122
300.0,2973,3902.961055
350.0,2915,3909.157951
210.0,2105,3913.202623
290.0,2309,3917.883087
260.0,2437,3923.625837
490.0,3473,3931.962032
360.0,2927,3937.491038
345.0,2929,3945.356718
275.0,1985,3952.139965
290.0,2879,3963.462967
460.0,2583,3973.847331
205.0,2007,3981.243363
415.0,2915,3991.947037
200.0,1847,3998.249653
335.0,2591,4007.267527
155.0,2077,4015.453274
290.0,2601,4024.088773
350.0,2573,4030.668072
355.0,3227,4037.944645
340.0,3291,4044.837176
210.0,2379,4050.860188
255.0,2097,4056.492625
440.0,2961,4063.363289
285.0,2327,4069.36796
135.0,1817,4073.492082
145.0,1505,4076.560054
75.0,1147,4079.133395
195.0,1965,4083.186761
165.0,2027,4088.308841
135.0,1219,4091.270921
135.0,1449,4094.887828
260.0,1527,4098.86468
185.0,2201,4104.541207
165.0,1747,4108.863755
165.0,1389,4112.16434
170.0,1977,4117.363524
230.0,2053,4122.13028
230.0,2137,4126.990835
280.0,2395,4131.734903
530.0,2809,4137.158859
510.0,3681,4144.256923
270.0,2029,4148.129155
265.0,2645,4153.184002
215.0,1731,4156.472765
235.0,1921,4160.122241
350.0,2831,4174.206364
400.0,2901,4179.76902
235.0,3155,4185.803101
260.0,2225,4190.048926
610.0,4131,4198.020761
105.0,2041,4201.966641
335.0,3393,4208.484244
425.0,2539,4213.319211
235.0,2701,4218.455666
220.0,2247,4222.707672
260.0,2909,4228.471278
580.0,4737,4237.570655
320.0,3643,4244.558231
225.0,2015,4248.409241
365.0,2884,4253.96661
365.0,3128,4260.358996
160.0,1921,4264.063092
295.0,2743,4269.387277
650.0,4260,4277.549475
75.0,1457,4280.312178
385.0,2540,4285.304245
370.0,3765,4292.550735
120.0,1935,4296.285706
305.0,3009,4302.128517
105.0,2069,4306.10049
495.0,2643,4311.261906
425.0,3920,4318.970987
300.0,3133,4325.40409
440.0,2891,4331.031132
700.0,5011,4340.708662
35.0,1399,4343.433932
380.0,2951,4349.27458
225.0,2247,4353.584529
370.0,3201,4359.754202
275.0,2217,4364.041074
515.0,4195,4384.664192
440.0,3283,4390.972024
135.0,1887,4394.886384
475.0,3861,4404.464828
255.0,2747,4411.348665
430.0,4821,4420.924742
420.0,3401,4427.43314
220.0,3007,4433.362963
210.0,2331,4437.882366
570.0,3035,4443.705906
510.0,3229,4449.929735
200.0,2115,4453.98061
95.0,1569,4457.007446
300.0,2587,4462.002185
140.0,1949,4465.760054
605.0,3109,4471.745522
155.0,2043,4475.644332
520.0,3269,4481.946284
415.0,3591,4488.861666
365.0,2977,4494.575173
285.0,2555,4499.452945
545.0,4397,4507.860267
205.0,2277,4512.298235
235.0,2137,4516.426955
320.0,2307,4520.868727
225.0,2223,4525.153668
345.0,2577,4530.212808
365.0,2813,4535.669585
615.0,3525,4542.399009
390.0,2777,4547.800626
335.0,2663,4552.879305
490.0,3495,4559.543205
50.0,1379,4562.200773
160.0,1491,4565.056767
295.0,2709,4570.2717
365.0,2229,4574.577617
315.0,2843,4592.489178
440.0,2951,4598.095481
585.0,3051,4604.007107
575.0,3951,4611.563106
295.0,2435,4616.240268
245.0,2431,4620.932184
445.0,4669,4629.945304
105.0,1441,4632.681152
455.0,3539,4639.500298
180.0,1839,4643.060425
125.0,1555,4646.120584
365.0,2471,4650.870942
160.0,2341,4655.384623
365.0,2801,4660.713834
380.0,4021,4668.407019
135.0,2027,4672.26228
540.0,2895,4677.78516
410.0,3765,4685.007888
385.0,2937,4690.633603
310.0,2757,4695.966125
210.0,2127,4700.019336
115.0,2005,4703.847392
380.0,3307,4710.224201
450.0,3007,4715.922037
320.0,3411,4722.381111
395.0,2705,4727.565168
405.0,3469,4734.159526
190.0,2121,4738.212883
360.0,2793,4743.532546
200.0,2723,4748.782491
90.0,2049,4752.716274
570.0,3809,4759.941722
260.0,2441,4764.589508
600.0,4239,4772.739357
580.0,2991,4778.464907
470.0,3553,4785.185521
205.0,2107,4805.213057
170.0,2615,4810.371911
285.0,2869,4815.997041
580.0,3445,4822.700902
500.0,3779,4830.132561
320.0,2521,4835.026981
175.0,2015,4838.902303
325.0,2424,4843.59764
440.0,4135,4851.508095
265.0,2321,4855.942894
105.0,1173,4858.179152
500.0,3837,4865.58373
110.0,1631,4868.709738
225.0,2809,4874.1146
260.0,2275,4878.433977
805.0,3885,4885.759658
450.0,3143,4891.887644
445.0,2921,4897.471225
320.0,2737,4902.697198
405.0,3363,4909.114296
420.0,3273,4915.346076
905.0,4333,4923.6997
555.0,2701,4928.919825
745.0,4307,4937.169553
265.0,2255,4941.485996
560.0,3685,4948.518824
355.0,2601,4953.605176
515.0,3965,4961.128958
715.0,3271,4967.368602
575.0,4357,4975.648552
885.0,5653,4986.457202
460.0,3099,4992.447088
490.0,2585,5016.743857
165.0,1839,5020.304989
390.0,3557,5027.115169
600.0,4411,5035.422347
650.0,4499,5044.011108
405.0,3585,5050.837917
500.0,4449,5059.269113
430.0,2923,5064.885483
395.0,2895,5070.505584
575.0,3987,5078.040236
680.0,3033,5083.87519
200.0,1919,5087.539481
410.0,2381,5092.077172
165.0,1533,5094.984088
380.0,3405,5101.504996
420.0,3035,5108.208881
315.0,2325,5112.727525
375.0,2559,5117.678091
695.0,3231,5123.847775
610.0,3855,5131.388327
515.0,3755,5138.725313
645.0,5327,5148.803425
805.0,4103,5156.610392
490.0,3857,5163.952321
305.0,3047,5169.819943
515.0,3711,5176.944277
195.0,1679,5180.203942
490.0,3813,5187.492726
445.0,3749,5194.779395
535.0,4687,5203.672398
285.0,2703,5208.876276
495.0,3757,5234.787393
505.0,4091,5242.659241
555.0,3737,5249.914564
600.0,3985,5257.644497
395.0,2933,5263.358977
275.0,2703,5268.582804
410.0,2867,5274.160831
305.0,2351,5278.688404
280.0,2189,5282.927304
485.0,3907,5290.359237
390.0,3037,5296.170377
425.0,2693,5301.344338
385.0,2927,5306.988405
400.0,3159,5313.156992
605.0,3855,5320.520239
440.0,2925,5326.110887
390.0,2445,5330.851489
575.0,4171,5338.779794
715.0,4073,5346.556065
605.0,3305,5352.949509
720.0,4717,5361.961383
865.0,5985,5373.640056
365.0,2971,5379.375203
775.0,3464,5386.070421
255.0,2409,5390.653127
490.0,3725,5397.785731
300.0,2283,5402.197765
395.0,2737,5407.502951
520.0,3475,5414.187236
555.0,3681,5421.323404
570.0,4313,5447.802587
750.0,5197,5457.861851
325.0,2471,5462.636607
445.0,3453,5469.303219
555.0,3888,5476.883183
800.0,4047,5484.590565
555.0,4679,5493.680659
385.0,2645,5498.741173
245.0,2333,5503.26572
575.0,5046,5512.905461
300.0,4624,5521.852985
525.0,3519,5528.604777
395.0,3753,5535.858138
565.0,3957,5543.355636
365.0,3149,5549.265005
595.0,2785,5554.791114
235.0,2523,5559.63112
265.0,2543,5564.581879
235.0,2575,5569.555912
210.0,1985,5573.396741
545.0,3779,5580.665995
625.0,3784,5588.054021
570.0,4265,5596.257016
465.0,3439,5602.94593
580.0,4598,5611.675084
390.0,3677,5618.869666
390.0,3661,5626.052353
755.0,3495,5632.702556
360.0,2455,5637.444693
610.0,4859,5663.491245
600.0,5695,5674.33989
600.0,4651,5683.06416
395.0,2599,5688.099335
970.0,4937,5697.511561
785.0,6539,5710.086451
230.0,2199,5714.369196
475.0,3995,5722.030481
380.0,3087,5727.963099
215.0,2233,5732.270126
395.0,2796,5737.860069
665.0,4535,5746.54413
860.0,4699,5755.523064
575.0,4117,5763.418243
250.0,2183,5767.643162
510.0,2817,5773.099089
570.0,3697,5780.227661
385.0,3728,5787.406496
425.0,3643,5794.570934
320.0,3550,5801.508328
65.0,1533,5804.508851
555.0,3167,5810.652232
665.0,3361,5817.153438
465.0,4259,5825.371674
885.0,5201,5835.421202
525.0,4659,5844.441838
545.0,4292,5870.108393
355.0,2912,5875.785969
510.0,3973,5883.472494
600.0,4499,5892.060459
775.0,3635,5898.955802
575.0,4325,5907.274167
545.0,4219,5915.535353
630.0,3333,5921.972651
445.0,3799,5929.306025
280.0,2665,5934.474003
265.0,2719,5939.712243
575.0,4051,5947.509477
635.0,4576,5956.340941
780.0,4343,5964.647634
90.0,1545,5967.642914
340.0,3345,5974.279245
615.0,2595,5979.264441
600.0,3873,5986.693781
805.0,5265,5996.763762
565.0,3869,6004.116762
605.0,4757,6013.122638
250.0,2877,6018.749203
420.0,4555,6027.513229
600.0,4827,6036.860687
655.0,3281,6043.172269
785.0,4207,6051.212151
600.0,5055,6060.776896
1060.0,6639,6093.730927
320.0,2735,6099.002174
745.0,5011,6108.517631
470.0,3807,6115.769793
280.0,2391,6120.429459
440.0,2799,6125.739429
605.0,4845,6134.952808
655.0,4205,6143.012211
575.0,4624,6151.821348
555.0,4645,6160.796542
270.0,2605,6165.717479
500.0,3841,6173.076202
545.0,5099,6182.801372
570.0,4685,6191.702332
540.0,2931,6197.250514
475.0,4003,6204.734855
600.0,4407,6213.012483
400.0,3071,6218.970065
545.0,4183,6226.799717
730.0,5051,6236.306009
605.0,4193,6244.33623
495.0,3505,6251.03551
545.0,3408,6257.530795
440.0,3223,6263.756371
430.0,2711,6268.85982
235.0,2585,6273.859761
430.0,2412,6295.609732
1055.0,5797,6306.838466
285.0,2231,6311.110847
570.0,5129,6320.825077
335.0,2455,6325.506707
80.0,1137,6327.688681
370.0,2433,6332.427274
600.0,2837,6337.912848
290.0,2645,6343.155714
600.0,4939,6352.576662
695.0,3275,6358.822663
670.0,3705,6365.876791
420.0,3087,6371.811723
885.0,3727,6378.956735
600.0,3951,6386.463136
545.0,3207,6392.598392
605.0,4549,6401.265901
640.0,3487,6408.158473
500.0,3593,6415.01373
570.0,4718,6423.995111
805.0,4353,6432.084137
485.0,3519,6438.877214
550.0,3724,6446.06133
545.0,4759,6455.129846
655.0,3844,6462.483005
570.0,2629,6467.554817
600.0,4841,6476.877548
940.0,6399,6511.775051
410.0,4075,6519.607531
805.0,4943,6529.019577
375.0,2949,6534.836608
770.0,3947,6542.308894
575.0,4877,6551.495557
220.0,1835,6555.059797
275.0,2573,6560.102515
455.0,3411,6566.755454
545.0,4495,6575.417172
475.0,3525,6582.255379
480.0,3387,6588.849141
480.0,3905,6596.659185
525.0,3751,6603.930765
330.0,3669,6611.032351
500.0,3323,6617.422136
685.0,3631,6624.454653
655.0,3601,6631.427295
170.0,1935,6635.238875
415.0,3149,6641.453514
555.0,4177,6649.692268
520.0,3713,6657.083273
675.0,3979,6664.779658
245.0,2417,6669.45397
645.0,3407,6676.065802
800.0,4281,6684.371902
950.0,6939,6697.940206
385.0,3887,6724.777384
800.0,4685,6733.798291
805.0,5103,6743.598142
970.0,4803,6752.813073
575.0,4699,6761.852621
690.0,4219,6770.081132
495.0,4385,6778.54108
190.0,2389,6783.249226
600.0,4063,6791.0775
700.0,4061,6798.9586
480.0,3833,6806.386529
515.0,4183,6814.50311
400.0,2775,6819.945064
770.0,3308,6826.339567
315.0,2471,6831.268338
455.0,4009,6838.98739
525.0,3307,6845.435457
540.0,4451,6853.993222
415.0,2655,6859.161461
535.0,3293,6865.537372
640.0,3477,6872.230021
475.0,3391,6878.828339
890.0,4161,6886.754091
655.0,3591,6893.865519
545.0,3742,6901.061059
215.0,2761,6906.463922
295.0,2561,6911.431513
685.0,2939,6917.141026
740.0,3802,6941.218626
600.0,4575,6950.01098
1600.0,6727,6963.144753
775.0,4182,6971.217837
315.0,2839,6976.747301
555.0,3721,6983.938652
500.0,3827,6991.371424
575.0,4577,7000.353422
645.0,3529,7007.148518
580.0,2975,7013.102241
730.0,4080,7021.009044
545.0,4005,7028.714812
600.0,5705,7039.768812
575.0,3965,7047.435552
515.0,4199,7055.574932
375.0,3303,7061.949682
550.0,4582,7070.796905
470.0,4187,7079.082192
340.0,2387,7083.801317
315.0,2391,7088.374658
545.0,3778,7095.670084
395.0,2976,7101.409797
1015.0,6321,7113.67913
370.0,2605,7118.757703
730.0,3293,7125.093945
415.0,4213,7133.357589
455.0,2929,7160.18151
605.0,5033,7169.801973
435.0,3393,7176.373034
520.0,4315,7184.593045
365.0,2337,7189.154945
605.0,4013,7196.8319
725.0,4521,7205.574222
540.0,3853,7212.9874
545.0,4243,7221.142991
530.0,4521,7229.817086
660.0,4365,7238.33314
535.0,4017,7246.073967
605.0,4179,7254.359815
460.0,3793,7261.573791
520.0,4213,7269.574125
475.0,2583,7274.59785
690.0,3937,7282.19737
570.0,3529,7288.936686
800.0,4563,7297.803465
760.0,4193,7305.858927
720.0,5825,7317.289631
775.0,3422,7323.95222
605.0,4649,7332.944616
960.0,6814,7346.076884
895.0,8051,7381.015246
575.0,4331,7389.575343
600.0,5027,7399.341832
500.0,4621,7408.287674
570.0,3834,7415.692593
855.0,4197,7423.717555
545.0,3676,7430.691397
575.0,3916,7438.302641
550.0,3531,7445.126438
715.0,3917,7452.641172
370.0,2412,7457.326033
755.0,4335,7465.638619
600.0,4215,7473.755146
725.0,4000,7481.411759
675.0,6031,7493.094514
230.0,2531,7498.137259
575.0,4529,7506.927697
550.0,4161,7514.854327
430.0,2471,7519.549175
950.0,7813,7534.669521
280.0,3623,7541.791993
540.0,3131,7547.980281
525.0,3688,7555.298481
570.0,4518,7585.151144
335.0,2455,7590.011144
495.0,3601,7596.969507
600.0,4109,7604.86014
340.0,2583,7609.920143
475.0,3041,7616.03413
725.0,4084,7623.965653
430.0,3567,7630.850884
800.0,4725,7639.981508
570.0,5320,7650.231316
485.0,3915,7657.875394
900.0,5979,7669.527889
450.0,3969,7677.390975
555.0,3349,7683.934355
460.0,3719,7691.129735
520.0,4215,7699.320748
500.0,3773,7706.591039
660.0,3649,7713.602005
570.0,4546,7722.358102
690.0,3311,7728.793634
570.0,4077,7736.848907
1145.0,3834,7744.340048
515.0,3657,7751.444395
600.0,3895,7759.004748
505.0,3585,7765.8665
470.0,3719,7773.073464
475.0,3917,7780.660386
225.0,2889,7802.428061
550.0,3737,7809.557604
570.0,4373,7817.900265
645.0,4185,7825.933859
585.0,2199,7830.185433
600.0,3605,7837.196111
525.0,3322,7843.688019
515.0,3349,7850.139035
525.0,2965,7855.876899
665.0,3343,7862.49587
600.0,3901,7869.955958
745.0,4094,7877.868269
420.0,2851,7883.332132
600.0,4063,7891.14963
570.0,4589,7899.954703
960.0,5974,7911.590206
800.0,4141,7919.730737
665.0,3455,7926.382562
405.0,4183,7934.559652
545.0,3381,7941.131421
955.0,5421,7951.712514
545.0,3875,7959.225216
550.0,4399,7967.686388
320.0,2833,7973.218508
570.0,3749,7980.571883
745.0,4245,7988.631827
540.0,3279,8008.978096
610.0,4471,8017.625401
560.0,3436,8024.263856
490.0,4291,8032.565422
555.0,3419,8039.310957
555.0,4854,8048.732775
605.0,3967,8056.459327
1125.0,5983,8068.122897
410.0,2429,8072.848765
525.0,4737,8082.04868
365.0,2929,8087.745888
575.0,4673,8096.917145
540.0,3990,8104.650904
585.0,3358,8111.020658
540.0,4209,8118.988581
980.0,5939,8130.473683
400.0,2791,8135.915185
575.0,3600,8142.768748
605.0,3675,8149.786672
895.0,6215,8162.033791
600.0,3501,8168.757798
600.0,4175,8176.741152
575.0,4010,8184.470529
800.0,4041,8192.19958
600.0,4835,8201.481131
775.0,4343,8227.993418
415.0,2865,8233.443574
575.0,3864,8240.780236
575.0,3446,8247.424548
580.0,3539,8254.169115
770.0,3424,8260.633647
600.0,3909,8268.03293
570.0,2988,8273.865482
640.0,3997,8281.799836
525.0,3285,8288.183106
600.0,5377,8298.46862
325.0,2933,8304.081547
715.0,4026,8311.829865
420.0,2135,8316.011163
360.0,2729,8321.295021
605.0,4033,8328.980981
1205.0,7645,8343.967235
800.0,4451,8352.494482
665.0,4961,8362.028853
715.0,3579,8368.903778
600.0,4559,8377.694809
1150.0,6765,8390.764103
925.0,5569,8401.711215
205.0,2407,8406.431067
775.0,3953,8414.042304
605.0,3595,8440.208188
580.0,4532,8448.810582
555.0,3799,8456.139752
455.0,3251,8462.726267
575.0,3770,8469.962337
745.0,3953,8477.559395
525.0,3148,8483.635465
575.0,4549,8492.431081
525.0,3766,8499.79001
360.0,2263,8504.25823
715.0,5311,8514.564361
1225.0,6009,8526.294361
660.0,5005,8535.87877
480.0,3797,8543.172621
1145.0,7861,8558.36225
700.0,4657,8567.33316
725.0,4565,8576.061074
670.0,3927,8583.72729
600.0,3605,8590.624875
500.0,3439,8597.275144
515.0,3661,8604.330393
800.0,4075,8611.992845
695.0,3863,8619.434593
550.0,4453,8628.047829
670.0,4419,8650.494155
435.0,4439,8659.141254
310.0,2748,8664.449272
600.0,4459,8673.010581
525.0,3444,8679.618013
515.0,4071,8687.338217
780.0,3879,8694.842898
600.0,4141,8702.8804
800.0,3753,8710.002593
605.0,3693,8717.087065
325.0,2766,8722.413289
220.0,2911,8728.070272
365.0,3585,8735.055778
395.0,2603,8740.057282
170.0,1807,8743.613909
545.0,4345,8751.987271
600.0,4145,8760.061827
605.0,3305,8766.433811
540.0,3951,8774.08129
465.0,3527,8780.861501
655.0,4805,8790.144073
775.0,4283,8798.388819
575.0,4697,8807.428303
230.0,2003,8811.326596
710.0,5029,8821.154301
495.0,4187,8829.21016
520.0,3213,8835.335202
